"dataset","seed","fold","n_var","k_sel","acc","bal_acc","macro_prec","macro_rec","macro_f1","micro_f1","kappa","auc","logloss","brier"
"Epilepsy",1,1,1,1,0.767857142857143,0.768452380952381,0.771499060150376,0.768452380952381,0.748031971409253,0.767857142857143,0.690344534240749,NA,8.01793023453284,0.464285714285714
"Epilepsy",1,1,2,1,0.910714285714286,0.913095238095238,0.907967032967033,0.913095238095238,0.908610865507417,0.910714285714286,0.880901743938749,NA,3.08381932097417,0.178571428571429
"Epilepsy",1,1,3,1,0.910714285714286,0.913095238095238,0.920833333333333,0.913095238095238,0.908998357963875,0.910714285714286,0.881104033970276,NA,3.08381932097417,0.178571428571429
"Epilepsy",1,2,1,1,0.892857142857143,0.895238095238095,0.904017857142857,0.895238095238095,0.888692462524498,0.892857142857143,0.857264231096007,NA,3.700583185169,0.214285714285714
"Epilepsy",1,2,2,1,0.821428571428571,0.823809523809524,0.855882352941176,0.823809523809524,0.802083333333333,0.821428571428571,0.762308998302207,NA,6.16763864194834,0.357142857142857
"Epilepsy",1,2,3,1,0.946428571428571,0.947619047619048,0.945054945054945,0.947619047619048,0.944370763336281,0.946428571428571,0.92854104636325,NA,1.8502915925845,0.107142857142857
"Epilepsy",1,3,1,1,0.75,0.75297619047619,0.766748366013072,0.75297619047619,0.739339826839827,0.75,0.667514843087362,NA,8.63469409872767,0.5
"Epilepsy",1,3,2,1,0.857142857142857,0.863095238095238,0.867175716440422,0.863095238095238,0.856242895035998,0.857142857142857,0.810089020771513,NA,4.93411091355867,0.285714285714286
"Epilepsy",1,3,3,1,0.928571428571429,0.929761904761905,0.933035714285714,0.929761904761905,0.926575682382134,0.928571428571429,0.904640272456364,NA,2.46705545677933,0.142857142857143
"Epilepsy",1,4,1,1,0.907407407407407,0.906410256410256,0.91875,0.906410256410256,0.90257412838058,0.907407407407407,0.876316994961063,NA,3.19803485138062,0.185185185185185
"Epilepsy",1,4,2,1,0.851851851851852,0.842948717948718,0.85124299719888,0.842948717948718,0.834728669319187,0.851851851851852,0.801743919229004,NA,5.11685576220899,0.296296296296296
"Epilepsy",1,4,3,1,0.888888888888889,0.881410256410256,0.887946428571429,0.881410256410256,0.879895350091703,0.888888888888889,0.851512373968836,NA,3.83764182165674,0.222222222222222
"Epilepsy",1,5,1,1,0.830188679245283,0.833791208791209,0.860167464114832,0.833791208791209,0.829941301750558,0.830188679245283,0.774468085106383,NA,5.86507523687163,0.339622641509434
"Epilepsy",1,5,2,1,0.905660377358491,0.904990842490842,0.906364468864469,0.904990842490842,0.903760683760684,0.905660377358491,0.874228761271951,NA,3.25837513159535,0.188679245283019
"Epilepsy",1,5,3,3,0.849056603773585,0.850045787545788,0.853846153846154,0.850045787545788,0.849973474801061,0.849056603773585,0.798670465337132,NA,0.850326757968766,0.184486373165618
"Epilepsy",2,1,1,1,0.875,0.879761904761905,0.883928571428571,0.879761904761905,0.873940886699507,0.875,0.833545647558386,NA,4.31734704936384,0.25
"Epilepsy",2,1,2,1,0.892857142857143,0.892261904761905,0.894345238095238,0.892261904761905,0.892781000052969,0.892857142857143,0.856777493606138,NA,3.700583185169,0.214285714285714
"Epilepsy",2,1,3,1,0.910714285714286,0.910119047619048,0.910714285714286,0.910119047619048,0.907967032967033,0.910714285714286,0.880952380952381,NA,3.08381932097417,0.178571428571429
"Epilepsy",2,2,1,1,0.803571428571429,0.804166666666667,0.83015350877193,0.804166666666667,0.794556240941113,0.803571428571429,0.739093604404913,NA,6.78440250614317,0.392857142857143
"Epilepsy",2,2,2,3,0.839285714285714,0.841666666666667,0.863725490196078,0.841666666666667,0.824604885057471,0.839285714285714,0.78589634664401,NA,3.25431418748171,0.285714285714286
"Epilepsy",2,2,3,1,0.928571428571429,0.929761904761905,0.934375,0.929761904761905,0.925537016438018,0.928571428571429,0.904761904761905,NA,2.46705545677933,0.142857142857143
"Epilepsy",2,3,1,1,0.803571428571429,0.80952380952381,0.810494652406417,0.80952380952381,0.799632936507937,0.803571428571429,0.738428874734607,NA,6.78440250614317,0.392857142857143
"Epilepsy",2,3,2,1,0.928571428571429,0.926785714285714,0.926785714285714,0.926785714285714,0.926785714285714,0.928571428571429,0.904518329070759,NA,2.46705545677933,0.142857142857143
"Epilepsy",2,3,3,1,0.928571428571429,0.930952380952381,0.927197802197802,0.930952380952381,0.927129384025936,0.928571428571429,0.904721395151,NA,2.46705545677933,0.142857142857143
"Epilepsy",2,4,1,1,0.907407407407407,0.908974358974359,0.907034632034632,0.908974358974359,0.904619805481874,0.907407407407407,0.876430205949657,NA,3.19803485138062,0.185185185185185
"Epilepsy",2,4,2,1,0.944444444444444,0.943681318681319,0.944310897435897,0.943681318681319,0.942676224611709,0.944444444444444,0.925756186984418,NA,1.91882091082837,0.111111111111111
"Epilepsy",2,4,3,1,0.907407407407407,0.90521978021978,0.909873949579832,0.90521978021978,0.901537145423015,0.907407407407407,0.876203576341128,NA,3.19803485138062,0.185185185185185
"Epilepsy",2,5,1,1,0.811320754716981,0.811813186813187,0.861538461538462,0.811813186813187,0.799098440545809,0.811320754716981,0.749171793658306,NA,6.5167502631907,0.377358490566038
"Epilepsy",2,5,2,1,0.811320754716981,0.807692307692308,0.861111111111111,0.807692307692308,0.7625,0.811320754716981,0.748338081671415,NA,6.5167502631907,0.377358490566038
"Epilepsy",2,5,3,1,0.943396226415094,0.942307692307692,0.95,0.942307692307692,0.939613526570048,0.943396226415094,0.92453725676317,NA,1.95502507895721,0.113207547169811
"Epilepsy",3,1,1,1,0.821428571428571,0.826190476190476,0.826470588235294,0.826190476190476,0.816298261125847,0.821428571428571,0.762611275964392,NA,6.16763864194834,0.357142857142857
"Epilepsy",3,1,2,1,0.821428571428571,0.825,0.825083542188805,0.825,0.812963427788368,0.821428571428571,0.761397528760119,NA,6.16763864194834,0.357142857142857
"Epilepsy",3,1,3,1,0.928571428571429,0.930952380952381,0.930952380952381,0.930952380952381,0.928205128205128,0.928571428571429,0.90468085106383,NA,2.46705545677933,0.142857142857143
"Epilepsy",3,2,1,1,0.821428571428571,0.820833333333333,0.849264705882353,0.820833333333333,0.807934742306266,0.821428571428571,0.762107051826678,NA,6.16763864194834,0.357142857142857
"Epilepsy",3,2,2,1,0.803571428571429,0.8,0.829861111111111,0.8,0.789779515585967,0.803571428571429,0.737649063032368,NA,6.78440250614317,0.392857142857143
"Epilepsy",3,2,3,1,0.892857142857143,0.895238095238095,0.898106060606061,0.895238095238095,0.888998357963875,0.892857142857143,0.857324840764331,NA,3.700583185169,0.214285714285714
"Epilepsy",3,3,1,1,0.821428571428571,0.826190476190476,0.836192810457516,0.826190476190476,0.815737292644001,0.821428571428571,0.762308998302207,NA,6.16763864194834,0.357142857142857
"Epilepsy",3,3,2,1,0.857142857142857,0.858333333333333,0.876838235294118,0.858333333333333,0.841133832565284,0.857142857142857,0.809442790301999,NA,4.93411091355867,0.285714285714286
"Epilepsy",3,3,3,1,0.910714285714286,0.911904761904762,0.920833333333333,0.911904761904762,0.905952380952381,0.910714285714286,0.881053525913339,NA,3.08381932097417,0.178571428571429
"Epilepsy",3,4,1,1,0.851851851851852,0.851282051282051,0.879595588235294,0.851282051282051,0.841573971078977,0.851851851851852,0.802288329519451,NA,5.11685576220899,0.296296296296296
"Epilepsy",3,4,2,1,0.981481481481482,0.983333333333333,0.980769230769231,0.983333333333333,0.981379310344828,0.981481481481482,0.975286041189931,NA,0.639606970276124,0.037037037037037
"Epilepsy",3,4,3,1,0.907407407407407,0.903617216117216,0.919871794871795,0.903617216117216,0.905404772361294,0.907407407407407,0.87603305785124,NA,3.19803485138062,0.185185185185185
"Epilepsy",3,5,1,1,0.867924528301887,0.869505494505495,0.882239819004525,0.869505494505495,0.865511688600144,0.867924528301887,0.824253908100426,NA,4.56172518423349,0.264150943396226
"Epilepsy",3,5,2,1,0.924528301886792,0.924450549450549,0.932142857142857,0.924450549450549,0.921756383712905,0.924528301886792,0.899383009017561,NA,2.60670010527628,0.150943396226415
"Epilepsy",3,5,3,1,0.886792452830189,0.884386446886447,0.890178571428571,0.884386446886447,0.881264709525579,0.886792452830189,0.848931116389549,NA,3.91005015791442,0.226415094339623
"Epilepsy",4,1,1,1,0.767857142857143,0.766666666666667,0.772222222222222,0.766666666666667,0.760131072631073,0.767857142857143,0.690344534240749,NA,8.01793023453284,0.464285714285714
"Epilepsy",4,1,2,1,0.803571428571429,0.807142857142857,0.799221611721612,0.807142857142857,0.789775441949355,0.803571428571429,0.737537281636131,NA,6.78440250614317,0.392857142857143
"Epilepsy",4,1,3,1,0.875,0.877380952380952,0.893382352941176,0.877380952380952,0.870067198543585,0.875,0.833404164895878,NA,4.31734704936384,0.25
"Epilepsy",4,2,1,1,0.857142857142857,0.858333333333333,0.885416666666667,0.858333333333333,0.84247311827957,0.857142857142857,0.809927874416631,NA,4.93411091355867,0.285714285714286
"Epilepsy",4,2,2,1,0.803571428571429,0.804166666666667,0.807102007469655,0.804166666666667,0.791773468104657,0.803571428571429,0.738539898132428,NA,6.78440250614317,0.392857142857143
"Epilepsy",4,2,3,1,0.928571428571429,0.926785714285714,0.925824175824176,0.926785714285714,0.925665024630542,0.928571428571429,0.904640272456364,NA,2.46705545677933,0.142857142857143
"Epilepsy",4,3,1,1,0.803571428571429,0.802380952380952,0.813375350140056,0.802380952380952,0.800641025641026,0.803571428571429,0.737649063032368,NA,6.78440250614317,0.392857142857143
"Epilepsy",4,3,2,1,0.875,0.876785714285714,0.877197802197802,0.876785714285714,0.875139994105511,0.875,0.833262441514249,NA,4.31734704936384,0.25
"Epilepsy",4,3,3,1,0.875,0.878571428571429,0.893939393939394,0.878571428571429,0.873522167487685,0.875,0.833968657348581,NA,4.31734704936384,0.25
"Epilepsy",4,4,1,1,0.851851851851852,0.851282051282051,0.879595588235294,0.851282051282051,0.841573971078977,0.851851851851852,0.802288329519451,NA,5.11685576220899,0.296296296296296
"Epilepsy",4,4,2,1,0.962962962962963,0.964102564102564,0.964285714285714,0.964102564102564,0.962148541114058,0.962962962962963,0.950594693504117,NA,1.27921394055225,0.0740740740740741
"Epilepsy",4,4,3,3,0.907407407407407,0.904990842490842,0.909970238095238,0.904990842490842,0.90424317617866,0.907407407407407,0.876373626373626,NA,1.40031686149428,0.152263374485597
"Epilepsy",4,5,1,1,0.924528301886792,0.925824175824176,0.925595238095238,0.925824175824176,0.923652828652829,0.924528301886792,0.899383009017561,NA,2.60670010527628,0.150943396226415
"Epilepsy",4,5,2,3,0.849056603773585,0.844322344322344,0.86734068627451,0.844322344322344,0.841282642089094,0.849056603773585,0.797999047165317,NA,1.49657382065667,0.205450733752621
"Epilepsy",4,5,3,1,0.981132075471698,0.979166666666667,0.983333333333333,0.979166666666667,0.980509745127436,0.981132075471698,0.974785918173168,NA,0.651675026319069,0.0377358490566038
"Epilepsy",5,1,1,1,0.857142857142857,0.860714285714286,0.863158899923606,0.860714285714286,0.852413793103448,0.857142857142857,0.810008481764207,NA,4.93411091355867,0.285714285714286
"Epilepsy",5,1,2,1,0.892857142857143,0.889285714285714,0.895238095238095,0.889285714285714,0.88974358974359,0.892857142857143,0.857021276595745,NA,3.700583185169,0.214285714285714
"Epilepsy",5,1,3,1,0.875,0.871428571428571,0.870512820512821,0.871428571428571,0.87037037037037,0.875,0.833049403747871,NA,4.31734704936384,0.25
"Epilepsy",5,2,1,1,0.803571428571429,0.804166666666667,0.840277777777778,0.804166666666667,0.793548387096774,0.803571428571429,0.738650827322868,NA,6.78440250614317,0.392857142857143
"Epilepsy",5,2,2,1,0.821428571428571,0.825,0.836805555555556,0.825,0.811725630691148,0.821428571428571,0.761904761904762,NA,6.16763864194834,0.357142857142857
"Epilepsy",5,2,3,1,0.928571428571429,0.932142857142857,0.932142857142857,0.932142857142857,0.928480204342273,0.928571428571429,0.904842820730671,NA,2.46705545677933,0.142857142857143
"Epilepsy",5,3,1,1,0.767857142857143,0.773809523809524,0.774509803921569,0.773809523809524,0.755782004830918,0.767857142857143,0.691394658753709,NA,8.01793023453284,0.464285714285714
"Epilepsy",5,3,2,1,0.875,0.874404761904762,0.872996794871795,0.874404761904762,0.871985111662531,0.875,0.832978270132083,NA,4.31734704936384,0.25
"Epilepsy",5,3,3,1,0.910714285714286,0.911904761904762,0.91875,0.911904761904762,0.906362007168459,0.910714285714286,0.880901743938749,NA,3.08381932097417,0.178571428571429
"Epilepsy",5,4,1,1,0.833333333333333,0.834615384615385,0.84375,0.834615384615385,0.824500768049155,0.833333333333333,0.777472527472528,NA,5.75646273248511,0.333333333333333
"Epilepsy",5,4,2,1,0.851851851851852,0.848489010989011,0.856448412698413,0.848489010989011,0.843471194277646,0.851851851851852,0.8021071919377,NA,5.11685576220899,0.296296296296296
"Epilepsy",5,4,3,1,0.944444444444444,0.942307692307692,0.948660714285714,0.942307692307692,0.940096018988025,0.944444444444444,0.925756186984418,NA,1.91882091082837,0.111111111111111
"Epilepsy",5,5,1,1,0.849056603773585,0.848672161172161,0.874264705882353,0.848672161172161,0.847118398842537,0.849056603773585,0.799052132701422,NA,5.21340021055256,0.30188679245283
"Epilepsy",5,5,2,1,0.886792452830189,0.884615384615385,0.904166666666667,0.884615384615385,0.872044334975369,0.886792452830189,0.849002849002849,NA,3.91005015791442,0.226415094339623
"Epilepsy",5,5,3,1,0.905660377358491,0.90521978021978,0.908333333333333,0.90521978021978,0.899994447220834,0.905660377358491,0.874228761271951,NA,3.25837513159535,0.188679245283019
"Epilepsy",6,1,1,1,0.785714285714286,0.78452380952381,0.797222222222222,0.78452380952381,0.780964405964406,0.785714285714286,0.714164185452999,NA,7.401166370338,0.428571428571429
"Epilepsy",6,1,2,1,0.839285714285714,0.842857142857143,0.838795518207283,0.842857142857143,0.833894230769231,0.839285714285714,0.785349233390119,NA,5.5508747777535,0.321428571428571
"Epilepsy",6,1,3,1,0.892857142857143,0.895238095238095,0.894683441558441,0.895238095238095,0.89044665012407,0.892857142857143,0.856960408684547,NA,3.700583185169,0.214285714285714
"Epilepsy",6,2,1,1,0.857142857142857,0.860714285714286,0.880952380952381,0.860714285714286,0.852548725637181,0.857142857142857,0.810089020771513,NA,4.93411091355867,0.285714285714286
"Epilepsy",6,2,2,1,0.875,0.876785714285714,0.883413461538462,0.876785714285714,0.873626373626374,0.875,0.833616298811545,NA,4.31734704936384,0.25
"Epilepsy",6,2,3,1,0.839285714285714,0.841071428571429,0.860819735819736,0.841071428571429,0.838998357963875,0.839285714285714,0.786531130876747,NA,5.5508747777535,0.321428571428571
"Epilepsy",6,3,1,1,0.875,0.877380952380952,0.878501400560224,0.877380952380952,0.870352564102564,0.875,0.833049403747871,NA,4.31734704936384,0.25
"Epilepsy",6,3,2,1,0.821428571428571,0.826190476190476,0.837698412698413,0.826190476190476,0.81471764117941,0.821428571428571,0.762611275964392,NA,6.16763864194834,0.357142857142857
"Epilepsy",6,3,3,1,0.928571428571429,0.930952380952381,0.928571428571429,0.930952380952381,0.9278135657446,0.928571428571429,0.904761904761905,NA,2.46705545677933,0.142857142857143
"Epilepsy",6,4,1,1,0.814814814814815,0.814194139194139,0.834077380952381,0.814194139194139,0.80041816009558,0.814814814814815,0.753086419753086,NA,6.39606970276124,0.37037037037037
"Epilepsy",6,4,2,3,0.833333333333333,0.826282051282051,0.855502136752137,0.826282051282051,0.820454545454546,0.833333333333333,0.776551724137931,NA,1.48702299532991,0.218106995884774
"Epilepsy",6,4,3,1,0.944444444444444,0.940705128205128,0.945913461538462,0.940705128205128,0.941102150537634,0.944444444444444,0.925722145804677,NA,1.91882091082837,0.111111111111111
"Epilepsy",6,5,1,1,0.830188679245283,0.832417582417582,0.847222222222222,0.832417582417582,0.824125874125874,0.830188679245283,0.774147727272727,NA,5.86507523687163,0.339622641509434
"Epilepsy",6,5,2,1,0.830188679245283,0.825320512820513,0.867543859649123,0.825320512820513,0.804713804713805,0.830188679245283,0.773073263558516,NA,5.86507523687163,0.339622641509434
"Epilepsy",6,5,3,1,0.962264150943396,0.961538461538462,0.964285714285714,0.961538461538462,0.959935897435897,0.962264150943396,0.949667616334283,NA,1.30335005263814,0.0754716981132075
"Epilepsy",7,1,1,1,0.803571428571429,0.80952380952381,0.809803921568627,0.80952380952381,0.798275862068966,0.803571428571429,0.738650827322868,NA,6.78440250614317,0.392857142857143
"Epilepsy",7,1,2,1,0.839285714285714,0.839880952380952,0.834615384615385,0.839880952380952,0.836666666666667,0.839285714285714,0.785349233390119,NA,5.5508747777535,0.321428571428571
"Epilepsy",7,1,3,1,0.928571428571429,0.925595238095238,0.928921568627451,0.925595238095238,0.925080128205128,0.928571428571429,0.904436860068259,NA,2.46705545677933,0.142857142857143
"Epilepsy",7,2,1,1,0.821428571428571,0.825,0.838541666666667,0.825,0.810147638790575,0.821428571428571,0.762510602205259,NA,6.16763864194834,0.357142857142857
"Epilepsy",7,2,2,3,0.875,0.877380952380952,0.880882352941176,0.877380952380952,0.86985153256705,0.875,0.833262441514249,NA,0.853353408811524,0.198412698412698
"Epilepsy",7,2,3,1,0.910714285714286,0.913095238095238,0.912202380952381,0.913095238095238,0.909493454265423,0.910714285714286,0.880851063829787,NA,3.08381932097417,0.178571428571429
"Epilepsy",7,3,1,1,0.821428571428571,0.826190476190476,0.853808198380567,0.826190476190476,0.813730624214495,0.821428571428571,0.76281236764083,NA,6.16763864194834,0.357142857142857
"Epilepsy",7,3,2,1,0.946428571428571,0.948809523809524,0.947435897435897,0.948809523809524,0.94628078817734,0.946428571428571,0.928510638297872,NA,1.8502915925845,0.107142857142857
"Epilepsy",7,3,3,1,0.892857142857143,0.894047619047619,0.916666666666667,0.894047619047619,0.887031484257871,0.892857142857143,0.857566765578635,NA,3.700583185169,0.214285714285714
"Epilepsy",7,4,1,1,0.888888888888889,0.891117216117216,0.896915584415584,0.891117216117216,0.887497719394271,0.888888888888889,0.851987208771128,NA,3.83764182165674,0.222222222222222
"Epilepsy",7,4,2,1,0.833333333333333,0.833424908424908,0.838541666666667,0.833424908424908,0.82270423927821,0.833333333333333,0.777268560953254,NA,5.75646273248511,0.333333333333333
"Epilepsy",7,4,3,1,0.907407407407407,0.911721611721612,0.910714285714286,0.911721611721612,0.907898614795167,0.907407407407407,0.876599634369287,NA,3.19803485138062,0.185185185185185
"Epilepsy",7,5,1,1,0.867924528301887,0.868131868131868,0.890756302521008,0.868131868131868,0.861658456486043,0.867924528301887,0.824087245139877,NA,4.56172518423349,0.264150943396226
"Epilepsy",7,5,2,1,0.924528301886792,0.924450549450549,0.9375,0.924450549450549,0.922417759374281,0.924528301886792,0.899478425794215,NA,2.60670010527628,0.150943396226415
"Epilepsy",7,5,3,1,0.905660377358491,0.906593406593407,0.908333333333333,0.906593406593407,0.902991452991453,0.905660377358491,0.874348032242769,NA,3.25837513159535,0.188679245283019
"Epilepsy",8,1,1,1,0.785714285714286,0.792857142857143,0.784794372294372,0.792857142857143,0.78175697865353,0.785714285714286,0.714649681528662,NA,7.401166370338,0.428571428571429
"Epilepsy",8,1,2,1,0.946428571428571,0.947619047619048,0.945913461538462,0.947619047619048,0.945537016438018,0.946428571428571,0.928449744463373,NA,1.8502915925845,0.107142857142857
"Epilepsy",8,1,3,1,0.928571428571429,0.929761904761905,0.927827380952381,0.929761904761905,0.925622486523488,0.928571428571429,0.90468085106383,NA,2.46705545677933,0.142857142857143
"Epilepsy",8,2,1,1,0.803571428571429,0.805952380952381,0.85952380952381,0.805952380952381,0.78006379585327,0.803571428571429,0.739424703891709,NA,6.78440250614317,0.392857142857143
"Epilepsy",8,2,2,1,0.928571428571429,0.929761904761905,0.936651583710407,0.929761904761905,0.92875,0.928571428571429,0.904518329070759,NA,2.46705545677933,0.142857142857143
"Epilepsy",8,2,3,1,0.910714285714286,0.908928571428571,0.906410256410256,0.908928571428571,0.907037037037037,0.910714285714286,0.880749574105622,NA,3.08381932097417,0.178571428571429
"Epilepsy",8,3,1,1,0.857142857142857,0.858333333333333,0.882352941176471,0.858333333333333,0.842313218390805,0.857142857142857,0.809685641461342,NA,4.93411091355867,0.285714285714286
"Epilepsy",8,3,2,1,0.857142857142857,0.863095238095238,0.872899159663866,0.863095238095238,0.853325123152709,0.857142857142857,0.810249894112664,NA,4.93411091355867,0.285714285714286
"Epilepsy",8,3,3,1,0.892857142857143,0.896428571428571,0.916666666666667,0.896428571428571,0.892222222222222,0.892857142857143,0.857687420584498,NA,3.700583185169,0.214285714285714
"Epilepsy",8,4,1,1,0.87037037037037,0.874450549450549,0.884512546277252,0.874450549450549,0.870256340083926,0.87037037037037,0.827554744525547,NA,4.47724879193287,0.259259259259259
"Epilepsy",8,4,2,3,0.833333333333333,0.828296703296703,0.836654135338346,0.828296703296703,0.807074344466252,0.833333333333333,0.776551724137931,NA,2.0934492346944,0.238683127572016
"Epilepsy",8,4,3,1,0.925925925925926,0.925824175824176,0.927827380952381,0.925824175824176,0.923473945409429,0.925925925925926,0.901098901098901,NA,2.5584278811045,0.148148148148148
"Epilepsy",8,5,1,3,0.792452830188679,0.79532967032967,0.810672514619883,0.79532967032967,0.785687729236116,0.792452830188679,0.724219489120151,NA,2.19735619953129,0.280922431865828
"Epilepsy",8,5,2,1,0.867924528301887,0.872252747252747,0.891666666666667,0.872252747252747,0.866666666666667,0.867924528301887,0.824503311258278,NA,4.56172518423349,0.264150943396226
"Epilepsy",8,5,3,1,0.924528301886792,0.925824175824176,0.924221611721612,0.925824175824176,0.922991452991453,0.924528301886792,0.899383009017561,NA,2.60670010527628,0.150943396226415
"Epilepsy",9,1,1,1,0.875,0.876190476190476,0.890257352941176,0.876190476190476,0.864725887911372,0.875,0.833120476798638,NA,4.31734704936384,0.25
"Epilepsy",9,1,2,1,0.892857142857143,0.897619047619048,0.905637254901961,0.897619047619048,0.891369486197072,0.892857142857143,0.857566765578635,NA,3.700583185169,0.214285714285714
"Epilepsy",9,1,3,1,0.928571428571429,0.928571428571429,0.939102564102564,0.928571428571429,0.925606060606061,0.928571428571429,0.904477611940299,NA,2.46705545677933,0.142857142857143
"Epilepsy",9,2,1,3,0.821428571428571,0.825595238095238,0.827848621966269,0.825595238095238,0.81643579919442,0.821428571428571,0.76271186440678,NA,1.48459816972451,0.238095238095238
"Epilepsy",9,2,2,1,0.892857142857143,0.898809523809524,0.908613445378151,0.898809523809524,0.889039408866995,0.892857142857143,0.857687420584498,NA,3.700583185169,0.214285714285714
"Epilepsy",9,2,3,1,0.857142857142857,0.864285714285714,0.866666666666667,0.864285714285714,0.857028826856413,0.857142857142857,0.810089020771513,NA,4.93411091355867,0.285714285714286
"Epilepsy",9,3,1,1,0.857142857142857,0.853571428571429,0.855654761904762,0.853571428571429,0.851801146573115,0.857142857142857,0.80936170212766,NA,4.93411091355867,0.285714285714286
"Epilepsy",9,3,2,1,0.821428571428571,0.819642857142857,0.810399159663866,0.819642857142857,0.801027097902098,0.821428571428571,0.761295822676897,NA,6.16763864194834,0.357142857142857
"Epilepsy",9,3,3,1,0.892857142857143,0.892261904761905,0.895833333333333,0.892261904761905,0.889954808920326,0.892857142857143,0.857203569910752,NA,3.700583185169,0.214285714285714
"Epilepsy",9,4,1,1,0.740740740740741,0.738003663003663,0.763888888888889,0.738003663003663,0.733841427389815,0.740740740740741,0.654478976234004,NA,8.95449758386573,0.518518518518518
"Epilepsy",9,4,2,3,0.87037037037037,0.871886446886447,0.878125,0.871886446886447,0.868292556230845,0.87037037037037,0.826923076923077,NA,2.73209109383832,0.259259259259259
"Epilepsy",9,4,3,1,0.981481481481482,0.980769230769231,0.980769230769231,0.980769230769231,0.98,0.981481481481482,0.975263398992212,NA,0.639606970276124,0.037037037037037
"Epilepsy",9,5,1,1,0.811320754716981,0.811813186813187,0.828256302521008,0.811813186813187,0.798574842123229,0.811320754716981,0.748338081671415,NA,6.5167502631907,0.377358490566038
"Epilepsy",9,5,2,1,0.792452830188679,0.789606227106227,0.814542483660131,0.789606227106227,0.770753350551445,0.792452830188679,0.723303274798291,NA,7.16842528950976,0.415094339622642
"Epilepsy",9,5,3,1,0.849056603773585,0.847298534798535,0.867320261437909,0.847298534798535,0.843621895346033,0.849056603773585,0.799052132701422,NA,5.21340021055256,0.30188679245283
"Epilepsy",10,1,1,1,0.892857142857143,0.892857142857143,0.90625,0.892857142857143,0.879974863845832,0.892857142857143,0.857142857142857,NA,3.700583185169,0.214285714285714
"Epilepsy",10,1,2,1,0.928571428571429,0.929761904761905,0.929166666666667,0.929761904761905,0.925139994105511,0.928571428571429,0.904802379940501,NA,2.46705545677933,0.142857142857143
"Epilepsy",10,1,3,1,0.892857142857143,0.891071428571429,0.897144522144522,0.891071428571429,0.888652037617555,0.892857142857143,0.856777493606138,NA,3.700583185169,0.214285714285714
"Epilepsy",10,2,1,1,0.821428571428571,0.817857142857143,0.823015873015873,0.817857142857143,0.812474881440399,0.821428571428571,0.761499148211244,NA,6.16763864194834,0.357142857142857
"Epilepsy",10,2,2,1,0.821428571428571,0.820833333333333,0.831594611528822,0.820833333333333,0.807520779123213,0.821428571428571,0.761600681140911,NA,6.16763864194834,0.357142857142857
"Epilepsy",10,2,3,1,0.946428571428571,0.946428571428571,0.95,0.946428571428571,0.942222222222222,0.946428571428571,0.928571428571428,NA,1.8502915925845,0.107142857142857
"Epilepsy",10,3,1,1,0.803571428571429,0.810714285714286,0.825202429149798,0.810714285714286,0.80099912601303,0.803571428571429,0.739314430808295,NA,6.78440250614317,0.392857142857143
"Epilepsy",10,3,2,1,0.875,0.879761904761905,0.884803921568627,0.879761904761905,0.872138716966303,0.875,0.833827893175074,NA,4.31734704936384,0.25
"Epilepsy",10,3,3,1,0.875,0.878571428571429,0.872619047619048,0.878571428571429,0.871426466254053,0.875,0.833404164895878,NA,4.31734704936384,0.25
"Epilepsy",10,4,1,1,0.888888888888889,0.88974358974359,0.908613445378151,0.88974358974359,0.885579937304075,0.888888888888889,0.851987208771128,NA,3.83764182165674,0.222222222222222
"Epilepsy",10,4,2,1,0.87037037037037,0.866758241758242,0.872767857142857,0.866758241758242,0.855030721966206,0.87037037037037,0.826923076923077,NA,4.47724879193287,0.259259259259259
"Epilepsy",10,4,3,1,0.925925925925926,0.925641025641026,0.933333333333333,0.925641025641026,0.922946859903382,0.925925925925926,0.901144164759725,NA,2.5584278811045,0.148148148148148
"Epilepsy",10,5,1,1,0.754716981132076,0.756868131868132,0.754595588235294,0.756868131868132,0.740046734874321,0.754716981132076,0.6733048838312,NA,8.4717753421479,0.490566037735849
"Epilepsy",10,5,2,3,0.773584905660377,0.77014652014652,0.787955182072829,0.77014652014652,0.76110635749123,0.773584905660377,0.697431018078021,NA,3.46245482687621,0.335429769392034
"Epilepsy",10,5,3,1,0.905660377358491,0.903617216117216,0.907561188811189,0.903617216117216,0.902407407407407,0.905660377358491,0.874049429657795,NA,3.25837513159535,0.188679245283019
"Epilepsy",11,1,1,3,0.821428571428571,0.825,0.827777777777778,0.825,0.810219890054973,0.821428571428571,0.762611275964392,NA,3.28117271242414,0.281746031746032
"Epilepsy",11,1,2,1,0.892857142857143,0.895238095238095,0.896915584415584,0.895238095238095,0.888423645320197,0.892857142857143,0.857324840764331,NA,3.700583185169,0.214285714285714
"Epilepsy",11,1,3,1,0.910714285714286,0.911904761904762,0.91875,0.911904761904762,0.906362007168459,0.910714285714286,0.880901743938749,NA,3.08381932097417,0.178571428571429
"Epilepsy",11,2,1,1,0.839285714285714,0.8375,0.871428571428571,0.8375,0.828205128205128,0.839285714285714,0.785074626865672,NA,5.5508747777535,0.321428571428571
"Epilepsy",11,2,2,1,0.875,0.876785714285714,0.879166666666667,0.876785714285714,0.877442528735632,0.875,0.832978270132083,NA,4.31734704936384,0.25
"Epilepsy",11,2,3,1,0.910714285714286,0.914285714285714,0.910714285714286,0.914285714285714,0.910572186434255,0.910714285714286,0.880952380952381,NA,3.08381932097417,0.178571428571429
"Epilepsy",11,3,1,1,0.857142857142857,0.860714285714286,0.875131302521008,0.860714285714286,0.851380761232287,0.857142857142857,0.809847198641766,NA,4.93411091355867,0.285714285714286
"Epilepsy",11,3,2,1,0.928571428571429,0.930952380952381,0.932142857142857,0.930952380952381,0.927129384025936,0.928571428571429,0.904802379940501,NA,2.46705545677933,0.142857142857143
"Epilepsy",11,3,3,1,0.946428571428571,0.947619047619048,0.947619047619048,0.947619047619048,0.944871794871795,0.946428571428571,0.928510638297872,NA,1.8502915925845,0.107142857142857
"Epilepsy",11,4,1,1,0.87037037037037,0.869093406593407,0.872069597069597,0.869093406593407,0.867948717948718,0.87037037037037,0.82708142726441,NA,4.47724879193287,0.259259259259259
"Epilepsy",11,4,2,1,0.814814814814815,0.813003663003663,0.803685897435897,0.813003663003663,0.798678024484476,0.814814814814815,0.752860411899313,NA,6.39606970276124,0.37037037037037
"Epilepsy",11,4,3,1,0.87037037037037,0.870512820512821,0.880835667600373,0.870512820512821,0.862852664576803,0.87037037037037,0.827318410232983,NA,4.47724879193287,0.259259259259259
"Epilepsy",11,5,1,1,0.754716981132076,0.758241758241758,0.775,0.758241758241758,0.744174806674807,0.754716981132076,0.674231678486998,NA,8.4717753421479,0.490566037735849
"Epilepsy",11,5,2,3,0.754716981132076,0.753891941391941,0.743055555555556,0.753891941391941,0.738270063270063,0.754716981132076,0.67314990512334,NA,3.50835653722808,0.364779874213837
"Epilepsy",11,5,3,1,0.905660377358491,0.903617216117216,0.907034632034632,0.903617216117216,0.901991845957363,0.905660377358491,0.874169040835708,NA,3.25837513159535,0.188679245283019
"Epilepsy",12,1,1,1,0.910714285714286,0.913095238095238,0.912202380952381,0.913095238095238,0.909493454265423,0.910714285714286,0.880851063829787,NA,3.08381932097417,0.178571428571429
"Epilepsy",12,1,2,1,0.964285714285714,0.96547619047619,0.962912087912088,0.96547619047619,0.963522167487685,0.964285714285714,0.952320136228182,NA,1.23352772838967,0.0714285714285714
"Epilepsy",12,1,3,1,0.946428571428571,0.947619047619048,0.95,0.947619047619048,0.944370763336281,0.946428571428571,0.928601784955376,NA,1.8502915925845,0.107142857142857
"Epilepsy",12,2,1,1,0.803571428571429,0.802976190476191,0.818671679197995,0.802976190476191,0.787737317149082,0.803571428571429,0.737649063032368,NA,6.78440250614317,0.392857142857143
"Epilepsy",12,2,2,1,0.892857142857143,0.896428571428571,0.891483516483516,0.896428571428571,0.893325123152709,0.892857142857143,0.856960408684547,NA,3.700583185169,0.214285714285714
"Epilepsy",12,2,3,1,0.892857142857143,0.895238095238095,0.893939393939394,0.895238095238095,0.888888888888889,0.892857142857143,0.857142857142857,NA,3.700583185169,0.214285714285714
"Epilepsy",12,3,1,1,0.803571428571429,0.808333333333333,0.811111111111111,0.808333333333333,0.793553223388306,0.803571428571429,0.738872403560831,NA,6.78440250614317,0.392857142857143
"Epilepsy",12,3,2,1,0.875,0.873214285714286,0.874417249417249,0.873214285714286,0.868652037617555,0.875,0.832907075873828,NA,4.31734704936384,0.25
"Epilepsy",12,3,3,1,0.892857142857143,0.892261904761905,0.893830128205128,0.892261904761905,0.892547789725209,0.892857142857143,0.856716417910448,NA,3.700583185169,0.214285714285714
"Epilepsy",12,4,1,1,0.851851851851852,0.850824175824176,0.85540293040293,0.850824175824176,0.851139601139601,0.851851851851852,0.802288329519451,NA,5.11685576220899,0.296296296296296
"Epilepsy",12,4,2,1,0.777777777777778,0.774313186813187,0.77359068627451,0.774313186813187,0.763080669330669,0.777777777777778,0.703296703296703,NA,7.67528364331349,0.444444444444444
"Epilepsy",12,4,3,1,0.888888888888889,0.884386446886447,0.90625,0.884386446886447,0.883650250585734,0.888888888888889,0.851716247139588,NA,3.83764182165674,0.222222222222222
"Epilepsy",12,5,1,1,0.792452830188679,0.792582417582418,0.83765664160401,0.792582417582418,0.770245157759062,0.792452830188679,0.723696682464455,NA,7.16842528950976,0.415094339622642
"Epilepsy",12,5,2,1,0.924528301886792,0.927197802197802,0.9375,0.927197802197802,0.924285714285714,0.924528301886792,0.899573661771672,NA,2.60670010527628,0.150943396226415
"Epilepsy",12,5,3,1,0.943396226415094,0.943681318681319,0.943452380952381,0.943681318681319,0.941509971509972,0.943396226415094,0.92453725676317,NA,1.95502507895721,0.113207547169811
"Epilepsy",13,1,1,1,0.821428571428571,0.823809523809524,0.828256302521008,0.823809523809524,0.801366597807087,0.821428571428571,0.762107051826678,NA,6.16763864194834,0.357142857142857
"Epilepsy",13,1,2,1,0.875,0.871428571428571,0.870512820512821,0.871428571428571,0.87037037037037,0.875,0.833049403747871,NA,4.31734704936384,0.25
"Epilepsy",13,1,3,1,0.928571428571429,0.929761904761905,0.933035714285714,0.929761904761905,0.926575682382134,0.928571428571429,0.904640272456364,NA,2.46705545677933,0.142857142857143
"Epilepsy",13,2,1,1,0.839285714285714,0.842857142857143,0.87218045112782,0.842857142857143,0.832263120639094,0.839285714285714,0.786531130876747,NA,5.5508747777535,0.321428571428571
"Epilepsy",13,2,2,1,0.928571428571429,0.933333333333333,0.933035714285714,0.933333333333333,0.927704096669614,0.928571428571429,0.904842820730671,NA,2.46705545677933,0.142857142857143
"Epilepsy",13,2,3,11,0.910714285714286,0.913095238095238,0.921875,0.913095238095238,0.908364055299539,0.910714285714286,0.881104033970276,NA,0.321143286834885,0.183293978748524
"Epilepsy",13,3,1,1,0.839285714285714,0.845238095238095,0.849089635854342,0.845238095238095,0.838243652898825,0.839285714285714,0.786350148367953,NA,5.5508747777535,0.321428571428571
"Epilepsy",13,3,2,1,0.946428571428571,0.947619047619048,0.944871794871795,0.947619047619048,0.945555555555556,0.946428571428571,0.928449744463373,NA,1.8502915925845,0.107142857142857
"Epilepsy",13,3,3,1,0.857142857142857,0.860714285714286,0.871212121212121,0.860714285714286,0.852222222222222,0.857142857142857,0.810249894112664,NA,4.93411091355867,0.285714285714286
"Epilepsy",13,4,1,1,0.814814814814815,0.816758241758242,0.835416666666667,0.816758241758242,0.807407407407407,0.814814814814815,0.753312014618547,NA,6.39606970276124,0.37037037037037
"Epilepsy",13,4,2,1,0.851851851851852,0.848717948717949,0.881829573934837,0.848717948717949,0.83592563089734,0.851851851851852,0.801379310344828,NA,5.11685576220899,0.296296296296296
"Epilepsy",13,4,3,1,0.981481481481482,0.980769230769231,0.984375,0.980769230769231,0.981935483870968,0.981481481481482,0.975229357798165,NA,0.639606970276124,0.037037037037037
"Epilepsy",13,5,1,1,0.849056603773585,0.845695970695971,0.863888888888889,0.845695970695971,0.847851247987118,0.849056603773585,0.798191337458353,NA,5.21340021055256,0.30188679245283
"Epilepsy",13,5,2,1,0.886792452830189,0.884615384615385,0.90625,0.884615384615385,0.872619047619048,0.886792452830189,0.849002849002849,NA,3.91005015791442,0.226415094339623
"Epilepsy",13,5,3,1,0.886792452830189,0.885989010989011,0.888888888888889,0.885989010989011,0.878178335074887,0.886792452830189,0.849002849002849,NA,3.91005015791442,0.226415094339623
"Epilepsy",14,1,1,1,0.892857142857143,0.896428571428571,0.895833333333333,0.896428571428571,0.891806660772178,0.892857142857143,0.857203569910752,NA,3.700583185169,0.214285714285714
"Epilepsy",14,1,2,1,0.892857142857143,0.897619047619048,0.905637254901961,0.897619047619048,0.891369486197072,0.892857142857143,0.857566765578635,NA,3.700583185169,0.214285714285714
"Epilepsy",14,1,3,1,0.928571428571429,0.930952380952381,0.932142857142857,0.930952380952381,0.927129384025936,0.928571428571429,0.904802379940501,NA,2.46705545677933,0.142857142857143
"Epilepsy",14,2,1,1,0.75,0.758333333333333,0.77960927960928,0.758333333333333,0.744706380575946,0.75,0.668918918918919,NA,8.63469409872767,0.5
"Epilepsy",14,2,2,1,0.821428571428571,0.820833333333333,0.826797385620915,0.820833333333333,0.808346942600129,0.821428571428571,0.762308998302207,NA,6.16763864194834,0.357142857142857
"Epilepsy",14,2,3,1,0.892857142857143,0.891071428571429,0.90625,0.891071428571429,0.8880766989777,0.892857142857143,0.857264231096007,NA,3.700583185169,0.214285714285714
"Epilepsy",14,3,1,1,0.839285714285714,0.842857142857143,0.85403311965812,0.842857142857143,0.830134241634943,0.839285714285714,0.786350148367953,NA,5.5508747777535,0.321428571428571
"Epilepsy",14,3,2,1,0.964285714285714,0.961309523809524,0.961309523809524,0.961309523809524,0.961309523809524,0.964285714285714,0.952259164535379,NA,1.23352772838967,0.0714285714285714
"Epilepsy",14,3,3,1,0.964285714285714,0.96547619047619,0.962912087912088,0.96547619047619,0.963522167487685,0.964285714285714,0.952320136228182,NA,1.23352772838967,0.0714285714285714
"Epilepsy",14,4,1,1,0.740740740740741,0.735989010989011,0.751262626262626,0.735989010989011,0.740740740740741,0.740740740740741,0.652733118971061,NA,8.95449758386573,0.518518518518518
"Epilepsy",14,4,2,1,0.907407407407407,0.914102564102564,0.909935897435897,0.914102564102564,0.907989417989418,0.907407407407407,0.876656007309274,NA,3.19803485138062,0.185185185185185
"Epilepsy",14,4,3,1,0.925925925925926,0.928205128205128,0.925595238095238,0.928205128205128,0.924907161803713,0.925925925925926,0.901189387008234,NA,2.5584278811045,0.148148148148148
"Epilepsy",14,5,1,1,0.849056603773585,0.845924908424908,0.875,0.845924908424908,0.838095238095238,0.849056603773585,0.798670465337132,NA,5.21340021055256,0.30188679245283
"Epilepsy",14,5,2,1,0.867924528301887,0.866758241758242,0.891176470588235,0.866758241758242,0.856899641577061,0.867924528301887,0.823669201520913,NA,4.56172518423349,0.264150943396226
"Epilepsy",14,5,3,1,0.886792452830189,0.885989010989011,0.892390289449113,0.885989010989011,0.879134604941057,0.886792452830189,0.848859315589354,NA,3.91005015791442,0.226415094339623
"Epilepsy",15,1,1,1,0.875,0.880952380952381,0.886406485671192,0.880952380952381,0.874201787994891,0.875,0.833898305084746,NA,4.31734704936384,0.25
"Epilepsy",15,1,2,1,0.875,0.879761904761905,0.888009049773756,0.879761904761905,0.872138716966303,0.875,0.833898305084746,NA,4.31734704936384,0.25
"Epilepsy",15,1,3,1,0.839285714285714,0.841666666666667,0.892857142857143,0.841666666666667,0.830627705627706,0.839285714285714,0.78698224852071,NA,5.5508747777535,0.321428571428571
"Epilepsy",15,2,1,1,0.839285714285714,0.842857142857143,0.848692810457516,0.842857142857143,0.830809595202399,0.839285714285714,0.786078098471987,NA,5.5508747777535,0.321428571428571
"Epilepsy",15,2,2,1,0.928571428571429,0.933333333333333,0.944444444444444,0.933333333333333,0.93235153256705,0.928571428571429,0.90468085106383,NA,2.46705545677933,0.142857142857143
"Epilepsy",15,2,3,1,0.892857142857143,0.893452380952381,0.894871794871795,0.893452380952381,0.892372742200328,0.892857142857143,0.857021276595745,NA,3.700583185169,0.214285714285714
"Epilepsy",15,3,1,1,0.875,0.87202380952381,0.876143790849673,0.87202380952381,0.861991747181965,0.875,0.833191489361702,NA,4.31734704936384,0.25
"Epilepsy",15,3,2,1,0.910714285714286,0.911904761904762,0.91875,0.911904761904762,0.906362007168459,0.910714285714286,0.880901743938749,NA,3.08381932097417,0.178571428571429
"Epilepsy",15,3,3,1,0.910714285714286,0.910714285714286,0.922619047619048,0.910714285714286,0.903694131955001,0.910714285714286,0.88069876438006,NA,3.08381932097417,0.178571428571429
"Epilepsy",15,4,1,1,0.814814814814815,0.819322344322344,0.828205128205128,0.819322344322344,0.811082355647573,0.814814814814815,0.753761969904241,NA,6.39606970276124,0.37037037037037
"Epilepsy",15,4,2,1,0.888888888888889,0.891117216117216,0.896915584415584,0.891117216117216,0.887497719394271,0.888888888888889,0.851987208771128,NA,3.83764182165674,0.222222222222222
"Epilepsy",15,4,3,1,0.925925925925926,0.929578754578755,0.927197802197802,0.929578754578755,0.927100893997446,0.925925925925926,0.901189387008234,NA,2.5584278811045,0.148148148148148
"Epilepsy",15,5,1,1,0.811320754716981,0.808836996336996,0.82733718487395,0.808836996336996,0.796846731524151,0.811320754716981,0.748338081671415,NA,6.5167502631907,0.377358490566038
"Epilepsy",15,5,2,1,0.773584905660377,0.771978021978022,0.831214064573198,0.771978021978022,0.72911866359447,0.773584905660377,0.698292220113852,NA,7.82010031582883,0.452830188679245
"Epilepsy",15,5,3,1,0.886792452830189,0.885989010989011,0.904166666666667,0.885989010989011,0.878899835796388,0.886792452830189,0.849074513526341,NA,3.91005015791442,0.226415094339623
"Epilepsy",16,1,1,1,0.821428571428571,0.826190476190476,0.829595588235294,0.826190476190476,0.8153834948885,0.821428571428571,0.762409843020789,NA,6.16763864194834,0.357142857142857
"Epilepsy",16,1,2,1,0.785714285714286,0.7875,0.792860734037205,0.7875,0.774864799742986,0.785714285714286,0.714770797962649,NA,7.401166370338,0.428571428571429
"Epilepsy",16,1,3,1,0.857142857142857,0.860714285714286,0.870220588235294,0.860714285714286,0.852345860479898,0.857142857142857,0.809927874416631,NA,4.93411091355867,0.285714285714286
"Epilepsy",16,2,1,3,0.732142857142857,0.741666666666667,0.753968253968254,0.741666666666667,0.723519553354636,0.732142857142857,0.64527027027027,NA,5.12936103651478,0.400793650793651
"Epilepsy",16,2,2,1,0.875,0.876190476190476,0.891421568627451,0.876190476190476,0.863812229437229,0.875,0.833333333333333,NA,4.31734704936384,0.25
"Epilepsy",16,2,3,1,0.910714285714286,0.911904761904762,0.920168067226891,0.911904761904762,0.907852564102564,0.910714285714286,0.880749574105622,NA,3.08381932097417,0.178571428571429
"Epilepsy",16,3,1,1,0.803571428571429,0.804166666666667,0.840277777777778,0.804166666666667,0.793548387096774,0.803571428571429,0.738650827322868,NA,6.78440250614317,0.392857142857143
"Epilepsy",16,3,2,1,0.982142857142857,0.982142857142857,0.980769230769231,0.982142857142857,0.980740740740741,0.982142857142857,0.976149914821124,NA,0.616763864194834,0.0357142857142857
"Epilepsy",16,3,3,1,0.928571428571429,0.930952380952381,0.933333333333333,0.930952380952381,0.927704096669614,0.928571428571429,0.904802379940501,NA,2.46705545677933,0.142857142857143
"Epilepsy",16,4,1,1,0.851851851851852,0.851053113553114,0.857142857142857,0.851053113553114,0.848165401426271,0.851851851851852,0.802288329519451,NA,5.11685576220899,0.296296296296296
"Epilepsy",16,4,2,1,0.851851851851852,0.848717948717949,0.853203781512605,0.848717948717949,0.832852564102564,0.851851851851852,0.801652892561983,NA,5.11685576220899,0.296296296296296
"Epilepsy",16,4,3,1,0.87037037037037,0.869322344322344,0.86875,0.869322344322344,0.862682458054127,0.87037037037037,0.826923076923077,NA,4.47724879193287,0.259259259259259
"Epilepsy",16,5,1,1,0.905660377358491,0.906593406593407,0.908041958041958,0.906593406593407,0.902777777777778,0.905660377358491,0.874288425047438,NA,3.25837513159535,0.188679245283019
"Epilepsy",16,5,2,1,0.886792452830189,0.884157509157509,0.884615384615385,0.884157509157509,0.883760683760684,0.886792452830189,0.849002849002849,NA,3.91005015791442,0.226415094339623
"Epilepsy",16,5,3,1,0.943396226415094,0.942307692307692,0.947619047619048,0.942307692307692,0.939539845461884,0.943396226415094,0.924465558194774,NA,1.95502507895721,0.113207547169811
"Epilepsy",17,1,1,1,0.803571428571429,0.810714285714286,0.810399159663866,0.810714285714286,0.801771504357711,0.803571428571429,0.738872403560831,NA,6.78440250614317,0.392857142857143
"Epilepsy",17,1,2,1,0.964285714285714,0.964285714285714,0.965144230769231,0.964285714285714,0.962704714640199,0.964285714285714,0.952279505752024,NA,1.23352772838967,0.0714285714285714
"Epilepsy",17,1,3,1,0.892857142857143,0.896428571428571,0.893681318681319,0.896428571428571,0.891443167305236,0.892857142857143,0.857264231096007,NA,3.700583185169,0.214285714285714
"Epilepsy",17,2,1,1,0.803571428571429,0.8,0.838235294117647,0.8,0.792205459770115,0.803571428571429,0.738317757009346,NA,6.78440250614317,0.392857142857143
"Epilepsy",17,2,2,1,0.839285714285714,0.836309523809524,0.881993006993007,0.836309523809524,0.822702702702703,0.839285714285714,0.784707390004272,NA,5.5508747777535,0.321428571428571
"Epilepsy",17,2,3,1,0.892857142857143,0.894047619047619,0.91497975708502,0.894047619047619,0.89153452685422,0.892857142857143,0.856655290102389,NA,3.700583185169,0.214285714285714
"Epilepsy",17,3,1,3,0.839285714285714,0.844047619047619,0.849089635854342,0.844047619047619,0.834626436781609,0.839285714285714,0.78616885871871,NA,1.46498009314115,0.226190476190476
"Epilepsy",17,3,2,1,0.892857142857143,0.895238095238095,0.893939393939394,0.895238095238095,0.888888888888889,0.892857142857143,0.857142857142857,NA,3.700583185169,0.214285714285714
"Epilepsy",17,3,3,1,0.875,0.87202380952381,0.878472222222222,0.87202380952381,0.8622770987778,0.875,0.833404164895878,NA,4.31734704936384,0.25
"Epilepsy",17,4,1,1,0.907407407407407,0.908974358974359,0.919642857142857,0.908974358974359,0.905814949668023,0.907407407407407,0.876599634369287,NA,3.19803485138062,0.185185185185185
"Epilepsy",17,4,2,1,0.907407407407407,0.90224358974359,0.914136904761905,0.90224358974359,0.899398710299711,0.907407407407407,0.876203576341128,NA,3.19803485138062,0.185185185185185
"Epilepsy",17,4,3,1,0.888888888888889,0.886950549450549,0.892451298701299,0.886950549450549,0.886418987225439,0.888888888888889,0.851580393953275,NA,3.83764182165674,0.222222222222222
"Epilepsy",17,5,1,1,0.792452830188679,0.793956043956044,0.80968045112782,0.793956043956044,0.781460475008862,0.792452830188679,0.724088973024136,NA,7.16842528950976,0.415094339622642
"Epilepsy",17,5,2,1,0.981132075471698,0.980769230769231,0.980769230769231,0.980769230769231,0.98,0.981132075471698,0.974821852731591,NA,0.651675026319069,0.0377358490566038
"Epilepsy",17,5,3,1,0.905660377358491,0.907967032967033,0.916666666666667,0.907967032967033,0.905795685795686,0.905660377358491,0.87446707721459,NA,3.25837513159535,0.188679245283019
"Epilepsy",18,1,1,1,0.821428571428571,0.821428571428571,0.828125,0.821428571428571,0.817230559166043,0.821428571428571,0.762308998302207,NA,6.16763864194834,0.357142857142857
"Epilepsy",18,1,2,1,0.964285714285714,0.96547619047619,0.966517857142857,0.96547619047619,0.965457651358652,0.964285714285714,0.952259164535379,NA,1.23352772838967,0.0714285714285714
"Epilepsy",18,1,3,1,0.946428571428571,0.947619047619048,0.945913461538462,0.947619047619048,0.945537016438018,0.946428571428571,0.928449744463373,NA,1.8502915925845,0.107142857142857
"Epilepsy",18,2,1,1,0.767857142857143,0.773809523809524,0.774561403508772,0.773809523809524,0.756126026848327,0.767857142857143,0.691786621507197,NA,8.01793023453284,0.464285714285714
"Epilepsy",18,2,2,1,0.910714285714286,0.913095238095238,0.916666666666667,0.913095238095238,0.907967032967033,0.910714285714286,0.881154499151104,NA,3.08381932097417,0.178571428571429
"Epilepsy",18,2,3,1,0.857142857142857,0.860714285714286,0.865625,0.860714285714286,0.852842443985381,0.857142857142857,0.809685641461342,NA,4.93411091355867,0.285714285714286
"Epilepsy",18,3,1,1,0.892857142857143,0.895238095238095,0.904166666666667,0.895238095238095,0.889285714285714,0.892857142857143,0.857264231096007,NA,3.700583185169,0.214285714285714
"Epilepsy",18,3,2,1,0.892857142857143,0.889880952380952,0.892016806722689,0.889880952380952,0.883413461538462,0.892857142857143,0.856899488926746,NA,3.700583185169,0.214285714285714
"Epilepsy",18,3,3,1,0.910714285714286,0.908928571428571,0.9125,0.908928571428571,0.906621475586993,0.910714285714286,0.881002974925627,NA,3.08381932097417,0.178571428571429
"Epilepsy",18,4,1,1,0.851851851851852,0.853846153846154,0.876470588235294,0.853846153846154,0.847372742200328,0.851851851851852,0.802469135802469,NA,5.11685576220899,0.296296296296296
"Epilepsy",18,4,2,1,0.925925925925926,0.925641025641026,0.933333333333333,0.925641025641026,0.922946859903382,0.925925925925926,0.901144164759725,NA,2.5584278811045,0.148148148148148
"Epilepsy",18,4,3,1,0.925925925925926,0.923076923076923,0.934375,0.923076923076923,0.918703160638645,0.925925925925926,0.90105359596885,NA,2.5584278811045,0.148148148148148
"Epilepsy",18,5,1,1,0.735849056603774,0.739010989010989,0.747478070175439,0.739010989010989,0.722251178558186,0.735849056603774,0.648840511121628,NA,9.12345036846697,0.528301886792453
"Epilepsy",18,5,2,1,0.905660377358491,0.906593406593407,0.905844155844156,0.906593406593407,0.903388278388278,0.905660377358491,0.874169040835708,NA,3.25837513159535,0.188679245283019
"Epilepsy",18,5,3,1,0.886792452830189,0.89010989010989,0.895833333333333,0.89010989010989,0.886564916564917,0.886792452830189,0.849360492657508,NA,3.91005015791442,0.226415094339623
"Epilepsy",19,1,1,1,0.785714285714286,0.792857142857143,0.804323308270677,0.792857142857143,0.782013083320091,0.785714285714286,0.715615742699958,NA,7.401166370338,0.428571428571429
"Epilepsy",19,1,2,1,0.857142857142857,0.860714285714286,0.858333333333333,0.860714285714286,0.852838827838828,0.857142857142857,0.809847198641766,NA,4.93411091355867,0.285714285714286
"Epilepsy",19,1,3,1,0.910714285714286,0.911904761904762,0.910606060606061,0.911904761904762,0.905555555555556,0.910714285714286,0.880952380952381,NA,3.08381932097417,0.178571428571429
"Epilepsy",19,2,1,1,0.803571428571429,0.80952380952381,0.829166666666667,0.80952380952381,0.799249680715198,0.803571428571429,0.739644970414201,NA,6.78440250614317,0.392857142857143
"Epilepsy",19,2,2,1,0.785714285714286,0.786309523809524,0.774206349206349,0.786309523809524,0.770761122935036,0.785714285714286,0.713677034512143,NA,7.401166370338,0.428571428571429
"Epilepsy",19,2,3,1,0.910714285714286,0.910119047619048,0.912202380952381,0.910119047619048,0.910638142910112,0.910714285714286,0.880647911338448,NA,3.08381932097417,0.178571428571429
"Epilepsy",19,3,1,1,0.910714285714286,0.911904761904762,0.913924310983135,0.911904761904762,0.90875,0.910714285714286,0.880647911338448,NA,3.08381932097417,0.178571428571429
"Epilepsy",19,3,2,1,0.910714285714286,0.914285714285714,0.911538461538462,0.914285714285714,0.908730158730159,0.910714285714286,0.881053525913339,NA,3.08381932097417,0.178571428571429
"Epilepsy",19,3,3,1,0.910714285714286,0.911904761904762,0.926470588235294,0.911904761904762,0.906609195402299,0.910714285714286,0.881204921510395,NA,3.08381932097417,0.178571428571429
"Epilepsy",19,4,1,1,0.814814814814815,0.813782051282051,0.828125,0.813782051282051,0.806643625192012,0.814814814814815,0.752747252747253,NA,6.39606970276124,0.37037037037037
"Epilepsy",19,4,2,1,0.907407407407407,0.909935897435897,0.907738095238095,0.909935897435897,0.908285440613027,0.907407407407407,0.876373626373626,NA,3.19803485138062,0.185185185185185
"Epilepsy",19,4,3,1,0.944444444444444,0.944871794871795,0.947619047619048,0.944871794871795,0.943269230769231,0.944444444444444,0.925824175824176,NA,1.91882091082837,0.111111111111111
"Epilepsy",19,5,1,1,0.867924528301887,0.863782051282051,0.88921568627451,0.863782051282051,0.854510155316607,0.867924528301887,0.823669201520913,NA,4.56172518423349,0.264150943396226
"Epilepsy",19,5,2,1,0.905660377358491,0.903617216117216,0.905844155844156,0.903617216117216,0.902014652014652,0.905660377358491,0.874169040835708,NA,3.25837513159535,0.188679245283019
"Epilepsy",19,5,3,1,0.924528301886792,0.925824175824176,0.925595238095238,0.925824175824176,0.923652828652829,0.924528301886792,0.899383009017561,NA,2.60670010527628,0.150943396226415
"Epilepsy",20,1,1,1,0.803571428571429,0.807142857142857,0.820833333333333,0.807142857142857,0.789339826839827,0.803571428571429,0.739424703891709,NA,6.78440250614317,0.392857142857143
"Epilepsy",20,1,2,3,0.803571428571429,0.800595238095238,0.84375,0.800595238095238,0.763760880696365,0.803571428571429,0.737649063032368,NA,2.07240024048304,0.26984126984127
"Epilepsy",20,1,3,1,0.875,0.878571428571429,0.883522727272727,0.878571428571429,0.872235023041475,0.875,0.833545647558386,NA,4.31734704936384,0.25
"Epilepsy",20,2,1,1,0.875,0.878571428571429,0.877272727272727,0.878571428571429,0.872222222222222,0.875,0.833333333333333,NA,4.31734704936384,0.25
"Epilepsy",20,2,2,1,0.821428571428571,0.823809523809524,0.861019736842105,0.823809523809524,0.803225806451613,0.821428571428571,0.762611275964392,NA,6.16763864194834,0.357142857142857
"Epilepsy",20,2,3,1,0.928571428571429,0.928571428571429,0.9375,0.928571428571429,0.922619047619048,0.928571428571429,0.904842820730671,NA,2.46705545677933,0.142857142857143
"Epilepsy",20,3,1,1,0.821428571428571,0.819047619047619,0.845238095238095,0.819047619047619,0.819778048038918,0.821428571428571,0.761397528760119,NA,6.16763864194834,0.357142857142857
"Epilepsy",20,3,2,1,0.946428571428571,0.947619047619048,0.947619047619048,0.947619047619048,0.944871794871795,0.946428571428571,0.928510638297872,NA,1.8502915925845,0.107142857142857
"Epilepsy",20,3,3,1,0.910714285714286,0.911904761904762,0.91875,0.911904761904762,0.906362007168459,0.910714285714286,0.880901743938749,NA,3.08381932097417,0.178571428571429
"Epilepsy",20,4,1,1,0.851851851851852,0.849679487179487,0.859573412698413,0.849679487179487,0.843763994626064,0.851851851851852,0.802469135802469,NA,5.11685576220899,0.296296296296296
"Epilepsy",20,4,2,1,0.944444444444444,0.942307692307692,0.948660714285714,0.942307692307692,0.940096018988025,0.944444444444444,0.925756186984418,NA,1.91882091082837,0.111111111111111
"Epilepsy",20,4,3,1,0.925925925925926,0.928205128205128,0.929166666666667,0.928205128205128,0.924365079365079,0.925925925925926,0.901324805847419,NA,2.5584278811045,0.148148148148148
"Epilepsy",20,5,1,1,0.830188679245283,0.831043956043956,0.835069444444444,0.831043956043956,0.820812520812521,0.830188679245283,0.773719165085389,NA,5.86507523687163,0.339622641509434
"Epilepsy",20,5,2,1,0.811320754716981,0.810210622710623,0.804761904761905,0.810210622710623,0.802306188175753,0.811320754716981,0.748457522543901,NA,6.5167502631907,0.377358490566038
"Epilepsy",20,5,3,1,0.886792452830189,0.885760073260073,0.895432692307692,0.885760073260073,0.888845534497708,0.886792452830189,0.84871550903901,NA,3.91005015791442,0.226415094339623
